Pontus Forsman,932435465,Pontus.Forsman@skolan.se
Anna Karlsson,234556765,Anna.Karlsson@skolan.se
Leo Eriksson,1234544332,Leo.Eriksson@skolan.se
Karl Svensson,9543214323,Karl.Svensson@skolan.se
Ulf Kristersson,9654234523,Ulf.Kristersson@skolan.se
Annie Lööf,102949697,Annie.Lööf@skolan.se
Pelle Kanin,584838281,Pelle.Kanin@skolan.se
Lionel Messi,9493949596,Lionel.Messi@skolan.se
Alexis Mac Allister,9595958484,Alexis.Mac.Allister@skolan.se
Nicolas Tagliafico,9483821727,Nicolas.Tagliafico@skolan.se
Julian Alvares,6565656565,Julian.Alvares@skolan.se
Marcelo Brozovic,8401019434,Marcelo.Brozovic@skolan.se
Dominik Livakovic,101019292,Dominik.Livakovic@skolan.se
Borna Sosa,202029393,Borna.Sosa@skolan.se
Luka Modric,9403030303,Luka.Modric@skolan.se
Zlatco Dalic,9201019292,Zlatco.Dalic@skolan.se